Metric,Value
Recall,0.5833333333333334
F1,0.5819070904645477
AUC,0.9101923335445834
