Metric,Value
Recall,0.6911764705882353
F1,0.5766871165644172
AUC,0.9219359144245358
