Metric,Value
Recall,0.7058823529411765
F1,0.6075949367088608
AUC,0.9215398206295251
