Metric,Value
Recall,0.7009803921568627
F1,0.6021052631578947
AUC,0.9188391811180887
