Metric,Value
Recall,0.6372549019607843
F1,0.5603448275862069
AUC,0.9102715523035855
