Metric,Value
Recall,0.8431372549019608
F1,0.5081240768094535
AUC,0.9215518234717981
