Metric,Value
Recall,0.8480392156862745
F1,0.5141158989598811
AUC,0.9137883850895893
