Metric,Value
Recall,0.8480392156862745
F1,0.4964131994261119
AUC,0.9197033857617484
