Metric,Value
Recall,0.8480392156862745
F1,0.5036390101892285
AUC,0.9198882295327534
