Metric,Value
Recall,0.5784313725490197
F1,0.5841584158415841
AUC,0.9180469935280674
