Metric,Value
Recall,0.5637254901960784
F1,0.559610705596107
AUC,0.9152959420790844
