Metric,Value
Recall,0.7794117647058824
F1,0.5709156193895871
AUC,0.9194081158418314
