Metric,Value
Recall,0.7892156862745098
F1,0.5561312607944733
AUC,0.9169859422711298
