Metric,Value
Recall,0.7843137254901961
F1,0.5432937181663837
AUC,0.9155648057460007
