Metric,Value
Recall,0.803921568627451
F1,0.5694444444444444
AUC,0.9195377465383802
