Metric,Value
Recall,0.7303921568627451
F1,0.602020202020202
AUC,0.9182510418467092
