Metric,Value
Recall,0.7254901960784313
F1,0.6065573770491803
AUC,0.9180109850012482
