Metric,Value
Recall,0.7549019607843137
F1,0.6272912423625254
AUC,0.9250158437518003
