Metric,Value
Recall,0.7156862745098039
F1,0.6070686070686071
AUC,0.9184958998290794
