Metric,Value
Recall,0.6176470588235294
F1,0.6253101736972705
AUC,0.9242452612778705
