Metric,Value
Recall,0.5882352941176471
F1,0.6138107416879796
AUC,0.9177085133759675
