Metric,Value
Recall,0.6078431372549019
F1,0.6294416243654822
AUC,0.9234050623187572
