Metric,Value
Recall,0.5931372549019608
F1,0.6126582278481013
AUC,0.9229393520385627
