Metric,Value
Recall,0.6911764705882353
F1,0.6
AUC,0.9191200476272782
