Metric,Value
Recall,0.7009803921568627
F1,0.6008403361344538
AUC,0.9197105874671123
