Metric,Value
Recall,0.7401960784313726
F1,0.6265560165975104
AUC,0.9195689539282903
