Metric,Value
Recall,0.7107843137254902
F1,0.6183368869936035
AUC,0.9208892665783258
