Metric,Value
Recall,0.6519607843137255
F1,0.6157407407407407
AUC,0.9214966103973421
