Metric,Value
Recall,0.6519607843137255
F1,0.6100917431192661
AUC,0.9192112692285533
