Metric,Value
Recall,0.6470588235294118
F1,0.6139534883720931
AUC,0.9190528317105491
