Metric,Value
Recall,0.6421568627450981
F1,0.5941043083900227
AUC,0.9186375333679015
