Metric,Value
Recall,0.5588235294117647
F1,0.5861182519280206
AUC,0.9170603598932227
