Model,Precision,Recall,F1-score,ROC-AUC
Logistic Regression,0.5294117647058824,0.08823529411764706,0.15126050420168066,0.8222787155998541
XGBoost,0.6875,0.4852941176470588,0.5689655172413793,0.9174156440245052
LightGBM,0.746268656716418,0.49019607843137253,0.591715976331361,0.9286286992759886
