Metric,Value
Recall,0.8725490196078431
F1,0.48501362397820164
AUC,0.914042845345778
