Metric,Value
Recall,0.8578431372549019
F1,0.4908835904628331
AUC,0.9192952891244648
