Metric,Value
Recall,0.8823529411764706
F1,0.46875
AUC,0.9110481361986518
