Metric,Value
Recall,0.8382352941176471
F1,0.46153846153846156
AUC,0.9134835128958537
