Metric,Value
Recall,0.49019607843137253
F1,0.591715976331361
AUC,0.9286286992759886
